[
  {
    "name": "user",
    "fields": [
      {
        "name": "name",
        "type": "text",
        "description": "User full name",
        "options": null
      },
      {
        "name": "email",
        "type": "text",
        "description": "User email address",
        "options": null
      },
      {
        "name": "credits",
        "type": "number",
        "description": "Current available credits",
        "options": null
      },
      {
        "name": "is_premium",
        "type": "bool",
        "description": "Whether the user has a premium subscription",
        "options": null
      },
      {
        "name": "avatar_url",
        "type": "text",
        "description": "URL to user avatar image",
        "options": null
      }
    ]
  },
  {
    "name": "usage_history",
    "fields": [
      {
        "name": "user_id",
        "type": "text",
        "description": "ID of the user",
        "options": null
      },
      {
        "name": "action",
        "type": "text",
        "description": "Type of action (e.g., restructure, buy_credits)",
        "options": null
      },
      {
        "name": "amount",
        "type": "number",
        "description": "Credits used or purchased",
        "options": null
      },
      {
        "name": "details",
        "type": "rich_text",
        "description": "Details of the operation",
        "options": null
      }
    ]
  }
]